-- phpMyAdmin SQL Dump
-- version 3.3.9
-- http://www.phpmyadmin.net
--
-- Host: localhost
-- Generation Time: Sep 17, 2012 at 10:49 PM
-- Server version: 5.1.41
-- PHP Version: 5.3.2-1ubuntu4

SET SQL_MODE="NO_AUTO_VALUE_ON_ZERO";


/*!40101 SET @OLD_CHARACTER_SET_CLIENT=@@CHARACTER_SET_CLIENT */;
/*!40101 SET @OLD_CHARACTER_SET_RESULTS=@@CHARACTER_SET_RESULTS */;
/*!40101 SET @OLD_COLLATION_CONNECTION=@@COLLATION_CONNECTION */;
/*!40101 SET NAMES utf8 */;

--
-- Database: `movie_recommendation`
--

-- --------------------------------------------------------

--
-- Table structure for table `genre`
--

CREATE TABLE IF NOT EXISTS `genre` (
  `genre_id` int(11) NOT NULL AUTO_INCREMENT,
  `genre` varchar(64) NOT NULL,
  PRIMARY KEY (`genre_id`)
) ENGINE=InnoDB  DEFAULT CHARSET=latin1 AUTO_INCREMENT=21 ;

--
-- Dumping data for table `genre`
--

INSERT INTO `genre` (`genre_id`, `genre`) VALUES
(1, 'Action'),
(2, 'Adventure'),
(3, 'Animation'),
(4, 'Biography'),
(5, 'Comedy'),
(6, 'Crime'),
(7, 'Drama'),
(8, 'Family'),
(9, 'Fantasy'),
(10, 'Game-Show'),
(11, 'History'),
(12, 'Horror'),
(13, 'Musical'),
(14, 'Mystery'),
(15, 'Romance'),
(16, 'Sci-Fi'),
(17, 'Sport'),
(18, 'Thriller'),
(19, 'War'),
(20, 'Western');

-- --------------------------------------------------------

--
-- Table structure for table `has_movie`
--

CREATE TABLE IF NOT EXISTS `has_movie` (
  `user_id` int(11) NOT NULL,
  `movie_id` int(11) NOT NULL,
  UNIQUE KEY `user_id` (`user_id`,`movie_id`),
  KEY `movie_id` (`movie_id`)
) ENGINE=InnoDB DEFAULT CHARSET=latin1;

--
-- Dumping data for table `has_movie`
--

INSERT INTO `has_movie` (`user_id`, `movie_id`) VALUES
(4, 1),
(11, 1),
(14, 1),
(31, 1),
(83, 1),
(95, 1),
(104, 1),
(108, 1),
(4, 2),
(31, 2),
(43, 2),
(72, 2),
(95, 2),
(109, 2),
(4, 3),
(31, 3),
(47, 3),
(48, 3),
(86, 3),
(109, 3),
(4, 4),
(43, 4),
(86, 4),
(4, 5),
(95, 5),
(4, 6),
(28, 6),
(86, 6),
(4, 7),
(72, 7),
(95, 7),
(4, 8),
(20, 8),
(50, 8),
(83, 8),
(95, 8),
(109, 8),
(4, 9),
(4, 10),
(86, 10),
(4, 11),
(4, 12),
(4, 13),
(86, 13),
(4, 14),
(86, 14),
(4, 15),
(86, 15),
(4, 16),
(86, 16),
(4, 17),
(83, 17),
(4, 18),
(86, 18),
(4, 19),
(4, 20),
(86, 20),
(95, 20),
(4, 21),
(4, 22),
(4, 24),
(86, 24),
(4, 25),
(4, 26),
(4, 27),
(43, 27),
(86, 27),
(4, 28),
(50, 28),
(86, 28),
(4, 30),
(4, 31),
(86, 31),
(4, 32),
(4, 33),
(28, 33),
(86, 33),
(4, 34),
(4, 35),
(20, 35),
(4, 36),
(4, 37),
(86, 37),
(4, 38),
(4, 39),
(83, 39),
(4, 40),
(4, 41),
(4, 42),
(4, 43),
(42, 43),
(54, 43),
(79, 43),
(87, 43),
(4, 44),
(54, 44),
(4, 45),
(20, 45),
(95, 45),
(109, 45),
(4, 46),
(20, 46),
(43, 46),
(92, 46),
(64, 47),
(71, 47),
(43, 48),
(92, 48),
(4, 49),
(4, 50),
(86, 50),
(4, 51),
(4, 52),
(95, 52),
(109, 52),
(4, 53),
(95, 53),
(109, 53),
(4, 54),
(95, 54),
(20, 55),
(95, 55),
(109, 55),
(4, 56),
(95, 56),
(109, 56),
(4, 57),
(95, 57),
(109, 57),
(4, 58),
(52, 58),
(95, 58),
(109, 58),
(4, 59),
(86, 59),
(4, 60),
(83, 60),
(86, 60),
(4, 61),
(20, 61),
(86, 61),
(4, 63),
(11, 63),
(86, 63),
(4, 64),
(20, 64),
(43, 64),
(4, 65),
(4, 66),
(83, 66),
(86, 66),
(4, 67),
(86, 67),
(4, 68),
(86, 68),
(4, 69),
(28, 69),
(86, 69),
(95, 69),
(101, 69),
(4, 70),
(86, 70),
(4, 71),
(4, 72),
(4, 73),
(86, 73),
(105, 73),
(4, 74),
(4, 75),
(52, 75),
(4, 76),
(4, 77),
(4, 78),
(86, 78),
(4, 79),
(86, 79),
(4, 81),
(86, 81),
(4, 82),
(95, 82),
(4, 83),
(14, 83),
(4, 84),
(4, 85),
(50, 85),
(51, 85),
(86, 85),
(4, 86),
(86, 86),
(4, 87),
(20, 87),
(43, 87),
(86, 87),
(95, 87),
(109, 87),
(4, 88),
(4, 89),
(4, 90),
(20, 90),
(86, 90),
(4, 91),
(20, 91),
(86, 91),
(4, 92),
(20, 92),
(86, 92),
(4, 93),
(86, 94),
(92, 94),
(4, 95),
(86, 96),
(4, 97),
(4, 98),
(4, 99),
(4, 100),
(4, 101),
(4, 102),
(20, 102),
(92, 102),
(4, 103),
(20, 103),
(4, 104),
(20, 104),
(4, 105),
(4, 106),
(20, 107),
(45, 107),
(72, 107),
(83, 107),
(92, 107),
(20, 108),
(43, 108),
(45, 108),
(71, 108),
(72, 108),
(92, 108),
(31, 112),
(31, 114),
(20, 117),
(50, 117),
(20, 124),
(71, 124),
(95, 124),
(20, 125),
(71, 125),
(95, 125),
(20, 126),
(95, 126),
(20, 127),
(95, 127),
(92, 131),
(20, 132),
(22, 132),
(43, 132),
(50, 132),
(83, 132),
(95, 132),
(86, 133),
(86, 134),
(86, 135),
(86, 136),
(20, 137),
(50, 137),
(86, 137),
(20, 139),
(20, 140),
(4, 142),
(86, 143),
(43, 144),
(31, 145),
(43, 145),
(95, 145),
(109, 145),
(50, 153),
(83, 156),
(95, 161),
(31, 170),
(43, 170),
(72, 170),
(95, 170),
(109, 170),
(72, 171),
(95, 171),
(109, 171),
(31, 172),
(43, 172),
(72, 172),
(95, 172),
(109, 172),
(31, 173),
(43, 173),
(72, 173),
(95, 173),
(109, 173),
(31, 174),
(43, 174),
(72, 174),
(95, 174),
(109, 174),
(52, 179),
(50, 184),
(50, 185),
(50, 186),
(50, 187),
(86, 188),
(31, 189),
(20, 190),
(86, 190),
(14, 191),
(52, 191),
(20, 195),
(43, 195),
(14, 199),
(31, 199),
(54, 199),
(95, 199),
(95, 201),
(109, 201),
(20, 202),
(95, 202),
(109, 202),
(86, 204),
(20, 206),
(92, 206),
(20, 207),
(20, 208),
(92, 208),
(95, 209),
(43, 210),
(86, 210),
(86, 213),
(4, 218),
(28, 218),
(86, 218),
(86, 220),
(64, 319),
(109, 320),
(86, 325),
(92, 326),
(43, 328),
(92, 328),
(92, 329),
(92, 330),
(11, 338),
(43, 338),
(86, 338),
(92, 338),
(50, 344),
(86, 344),
(43, 347),
(109, 347),
(72, 350),
(20, 351),
(86, 351),
(52, 353),
(86, 354),
(86, 361),
(95, 361),
(86, 362),
(95, 362),
(83, 364),
(52, 406),
(31, 407),
(22, 408),
(31, 408),
(43, 408),
(45, 408),
(53, 408),
(71, 408),
(86, 408),
(43, 413),
(86, 413),
(43, 414),
(28, 417),
(83, 417),
(86, 417),
(28, 418),
(86, 418),
(86, 422),
(50, 426),
(95, 426),
(86, 429),
(50, 430),
(86, 438),
(109, 438),
(95, 440),
(109, 440),
(20, 443),
(43, 443),
(83, 443),
(20, 445),
(86, 445),
(92, 445),
(95, 447),
(43, 448),
(86, 448),
(86, 455),
(109, 461),
(54, 462),
(50, 467),
(52, 467),
(95, 467),
(95, 469),
(83, 471),
(109, 477),
(109, 478),
(50, 483),
(42, 485),
(48, 485),
(54, 485),
(66, 485),
(83, 489),
(92, 489),
(4, 491),
(28, 491),
(43, 491),
(86, 492),
(86, 495),
(86, 496),
(95, 496),
(86, 497),
(95, 497),
(86, 498),
(52, 499),
(50, 505),
(86, 505),
(14, 506),
(43, 506),
(92, 506),
(95, 506),
(43, 507),
(72, 507),
(86, 507),
(92, 507),
(43, 508),
(50, 508),
(72, 508),
(92, 508),
(72, 510),
(83, 517),
(92, 517),
(43, 518),
(43, 520),
(86, 520),
(92, 520),
(95, 520),
(20, 522),
(20, 523),
(43, 523),
(95, 523),
(43, 526),
(92, 526),
(86, 527),
(92, 527),
(4, 533);

-- --------------------------------------------------------

--
-- Table structure for table `hits`
--

CREATE TABLE IF NOT EXISTS `hits` (
  `counter` int(11) NOT NULL DEFAULT '0'
) ENGINE=MyISAM DEFAULT CHARSET=latin1;

--
-- Dumping data for table `hits`
--

INSERT INTO `hits` (`counter`) VALUES
(81);

-- --------------------------------------------------------

--
-- Table structure for table `movies`
--

CREATE TABLE IF NOT EXISTS `movies` (
  `movie_id` int(11) NOT NULL AUTO_INCREMENT,
  `movie_name` varchar(128) NOT NULL,
  `genre1` int(11) NOT NULL DEFAULT '0',
  `genre2` int(11) NOT NULL DEFAULT '0',
  `genre3` int(11) NOT NULL DEFAULT '0',
  PRIMARY KEY (`movie_id`),
  UNIQUE KEY `movie_name` (`movie_name`)
) ENGINE=InnoDB  DEFAULT CHARSET=latin1 AUTO_INCREMENT=534 ;

--
-- Dumping data for table `movies`
--

INSERT INTO `movies` (`movie_id`, `movie_name`, `genre1`, `genre2`, `genre3`) VALUES
(1, '3 Idiots', 0, 0, 0),
(2, 'American Pie', 0, 0, 0),
(3, 'Avatar', 0, 0, 0),
(4, 'The Dark Night', 0, 0, 0),
(5, 'Blood Diamond', 0, 0, 0),
(6, 'Catch Me If You Can', 0, 0, 0),
(7, 'Dil Chahta Hai', 0, 0, 0),
(8, 'Harry Potter And The Deathly Hallows Part 2', 0, 0, 0),
(9, 'Hugo', 0, 0, 0),
(10, 'Independence Day', 0, 0, 0),
(11, 'Inglourious Basterds', 0, 0, 0),
(12, 'Pianist', 0, 0, 0),
(13, 'Pirates of Carribean: The Curse of the Black Pearl', 0, 0, 0),
(14, 'Pirates of Carribean: The Dead Man''s Chest', 0, 0, 0),
(15, 'Pirates of Carribean: At the World''s End', 0, 0, 0),
(16, 'P.S. I Love You', 0, 0, 0),
(17, 'Rock On', 0, 0, 0),
(18, 'Schindler''s List', 0, 0, 0),
(20, 'Step Up 3', 0, 0, 0),
(21, 'Swadesh', 0, 0, 0),
(22, 'Indiana Jones and the Raider''s of the Lost Ark', 0, 0, 0),
(23, 'Indiana Jones and the Crystal Skull', 0, 0, 0),
(24, 'The Boat That Rocked', 0, 0, 0),
(25, 'The Bourne Identity', 0, 0, 0),
(26, 'The Boy In The Striped Pyjamas', 0, 0, 0),
(27, 'The Day After Tomorrow', 0, 0, 0),
(28, 'The Departed', 0, 0, 0),
(29, 'The Great Debaters', 0, 0, 0),
(30, 'The Greatest Game Ever Played', 0, 0, 0),
(31, 'The Illusionist', 0, 0, 0),
(32, 'The Last Samurai', 0, 0, 0),
(33, 'The Longest Yard', 0, 0, 0),
(34, 'The Matrix', 0, 0, 0),
(35, 'The Shawshank Redemption', 0, 0, 0),
(36, 'The Terminal', 0, 0, 0),
(37, 'The Way Back', 0, 0, 0),
(38, 'Valkyrie', 0, 0, 0),
(39, 'Wall-E', 0, 0, 0),
(40, 'War Horse', 0, 0, 0),
(41, 'We Were Soldiers', 0, 0, 0),
(42, 'The Downfall', 0, 0, 0),
(43, '1911 Revolution', 0, 0, 0),
(44, '500 days of Summer', 0, 0, 0),
(45, 'August Rush', 0, 0, 0),
(46, 'Casino Royale', 0, 0, 0),
(47, 'Golden Eye', 0, 0, 0),
(48, 'Quantum of Solace', 0, 0, 0),
(49, 'Empire of the Sun', 0, 0, 0),
(50, 'Flash Of Genius', 0, 0, 0),
(51, 'Gandhi', 0, 0, 0),
(52, 'Harry Potter and the Philospher''s Stone', 0, 0, 0),
(53, 'Harry Potter and the Prisoner of Azkaban', 0, 0, 0),
(54, 'Harry Potter and the Order of Pheonix', 0, 0, 0),
(55, 'Harry Potter and the Deathly Hallows', 0, 0, 0),
(56, 'Harry Potter and the Chamber of Secrets', 0, 0, 0),
(57, 'Harry Potter and the Goblet of Fire', 0, 0, 0),
(58, 'Harry Potter and the Half Blood Prince', 0, 0, 0),
(59, 'How To Train Your Dragon', 0, 0, 0),
(60, 'Million Dollar Baby', 0, 0, 0),
(61, 'Saving Private Ryan', 0, 0, 0),
(62, 'Seven Years in Tibet', 0, 0, 0),
(63, 'Sherlock Holmes', 0, 0, 0),
(64, 'The Incredible Hulk', 0, 0, 0),
(65, 'The Karate Kid', 0, 0, 0),
(66, 'The Prestige', 0, 0, 0),
(67, 'Titanic', 0, 0, 0),
(68, 'Troy', 0, 0, 0),
(69, 'Zindagi Na Milegi Dobara', 0, 0, 0),
(70, 'Chariots of Fire', 0, 0, 0),
(71, 'Cinderella Man', 0, 0, 0),
(72, 'Dangerous Minds', 0, 0, 0),
(73, 'Dead Poets Society', 0, 0, 0),
(74, 'Field of Dreams', 0, 0, 0),
(75, 'Hoosiers', 0, 0, 0),
(76, 'Philadelphia', 0, 0, 0),
(77, 'The Worlds Fastest Indian', 0, 0, 0),
(78, 'A Lot Like Love', 0, 0, 0),
(79, 'The Batman Begins', 0, 0, 0),
(80, 'Boys and Girls', 0, 0, 0),
(81, 'Deja Vu', 0, 0, 0),
(82, 'Delhi Belly', 0, 0, 0),
(83, 'Enemy at the Gates', 0, 0, 0),
(84, 'E.T.', 0, 0, 0),
(85, 'Forrest Gump', 0, 0, 0),
(86, 'If only', 0, 0, 0),
(87, 'Inception', 0, 0, 0),
(88, 'Kate and Leopold', 0, 0, 0),
(89, 'The King''s Speech', 0, 0, 0),
(90, 'Lord of the Rings: The Two Towers', 0, 0, 0),
(91, 'Lord of the Rings: The Fellowship of the Ring', 0, 0, 0),
(92, 'Lord of the Rings: The Return of the King', 0, 0, 0),
(93, 'October Sky', 0, 0, 0),
(94, 'Pearl Harbor', 0, 0, 0),
(95, 'Rainman', 0, 0, 0),
(96, 'Serendipity', 0, 0, 0),
(97, 'Sleepless in Seattle', 0, 0, 0),
(98, 'The Kite Runner', 0, 0, 0),
(99, 'The Merchant of Venice', 0, 0, 0),
(100, 'The Pirates of the Silicon Valley', 0, 0, 0),
(101, 'The Pursuit of Happyness', 0, 0, 0),
(102, 'The Social Network', 0, 0, 0),
(103, 'Wall Street', 0, 0, 0),
(104, 'Wall Street 2: Money Never Sleeps', 0, 0, 0),
(105, 'The Bourne Superamacy', 0, 0, 0),
(106, 'The Bourne Ultimatum', 0, 0, 0),
(107, 'Gangs of Wasseypur Part 1', 0, 0, 0),
(108, 'Gangs of Wasseypur Part 2', 0, 0, 0),
(109, 'The Terminator', 0, 0, 0),
(110, 'Terminator Salvation', 0, 0, 0),
(111, 'Terminator 3: Rise of the Machines', 0, 0, 0),
(112, 'Aliens', 0, 0, 0),
(113, 'Robocop', 0, 0, 0),
(114, 'Alien vs Predator', 0, 0, 0),
(115, 'Commando', 0, 0, 0),
(116, 'Total Recall', 0, 0, 0),
(117, 'The Expendabales', 0, 0, 0),
(118, 'The Running Man', 0, 0, 0),
(119, 'Don''t Mess with the Zohan', 0, 0, 0),
(120, 'Shooter', 0, 0, 0),
(121, 'Kiss Kiss Bang Bang', 0, 0, 0),
(122, 'The Reader', 0, 0, 0),
(123, 'Taken', 0, 0, 0),
(124, 'Die Hard', 0, 0, 0),
(125, 'Die Hard 2', 0, 0, 0),
(126, 'Die Hard with a Vengeance', 0, 0, 0),
(127, 'Live Free or Die Hard', 0, 0, 0),
(128, 'Lethal Weapon', 0, 0, 0),
(129, 'License to Kill', 0, 0, 0),
(130, 'Malina', 0, 0, 0),
(131, 'The Avengers', 0, 0, 0),
(132, 'Captain America: The First Class', 0, 0, 0),
(133, 'Transformers', 0, 0, 0),
(134, 'Transformers: Revenge of the Fallen', 0, 0, 0),
(135, 'Transformers: Dark of the Moon', 0, 0, 0),
(136, 'Braveheart', 0, 0, 0),
(137, 'Gladiator', 0, 0, 0),
(138, 'The Godfather', 0, 0, 0),
(139, 'The Godfather: Part II', 0, 0, 0),
(140, 'The Godfather: Part III', 0, 0, 0),
(141, 'The Good, the Bad and the Ugly', 0, 0, 0),
(142, 'Fight Club', 0, 0, 0),
(143, 'Remember Me', 0, 0, 0),
(144, 'The Da Vinci Code', 0, 0, 0),
(145, 'Angels and Demons', 0, 0, 0),
(146, 'The Notebook', 0, 0, 0),
(147, 'Star Wars: The Phantom Menace', 0, 0, 0),
(148, 'Star Wars: Attack of the Clones', 0, 0, 0),
(149, 'Star Wars: Revenge of the Sith', 0, 0, 0),
(150, 'Star Wars', 0, 0, 0),
(151, 'Star Wars: Return of the Jedi', 0, 0, 0),
(152, 'Death Race', 0, 0, 0),
(153, 'Death Race 2', 0, 0, 0),
(154, 'The Transporter', 0, 0, 0),
(155, 'The Transporter 2', 0, 0, 0),
(156, 'The Transporter 3', 0, 0, 0),
(157, 'Killer Elite', 0, 0, 0),
(158, 'The Machinist', 0, 0, 0),
(159, 'The Mechanic', 0, 0, 0),
(160, 'Crank', 0, 0, 0),
(161, 'First Blood', 0, 0, 0),
(162, 'Rambo: First Blood Part II', 0, 0, 0),
(163, 'Rambo III', 0, 0, 0),
(164, 'Rambo', 0, 0, 0),
(165, 'Daredevil', 0, 0, 0),
(166, 'Green Lantern', 0, 0, 0),
(167, 'Spider-Man', 0, 0, 0),
(168, 'Spider-Man 2', 0, 0, 0),
(169, 'Spider-Man 3', 0, 0, 0),
(170, 'American Pie 2', 0, 0, 0),
(171, 'American Wedding', 0, 0, 0),
(172, 'American Pie Presents Band Camp', 0, 0, 0),
(173, 'American Pie Presents The Naked Mile', 0, 0, 0),
(174, 'American Pie Presents Beta House', 0, 0, 0),
(175, 'The Matrix Reloaded', 0, 0, 0),
(176, 'The Matrix Revolution', 0, 0, 0),
(177, 'Blade', 0, 0, 0),
(178, 'Blade II', 0, 0, 0),
(179, 'Blade: Trinity', 0, 0, 0),
(180, 'Resident Evil', 0, 0, 0),
(181, 'Resident Evil: Apocalypse', 0, 0, 0),
(182, 'Resident Evil: Extinction', 0, 0, 0),
(183, 'Resident Evil: Afterlife', 0, 0, 0),
(184, 'Underworld', 0, 0, 0),
(185, 'Underworld: Evolution', 0, 0, 0),
(186, 'Underworld: Rise of the Lycans', 0, 0, 0),
(187, 'Underworld: Awakening', 0, 0, 0),
(188, 'Pirates of the Caribbean: On Stranger Tides', 0, 0, 0),
(189, 'Black Hawk Down', 0, 0, 0),
(190, 'Top Gun', 0, 0, 0),
(191, 'Behind Enemy Lines', 0, 0, 0),
(192, 'Mission Impossible', 0, 0, 0),
(193, 'Mission Impossible II', 0, 0, 0),
(194, 'Mission Impossible III', 0, 0, 0),
(195, 'Mission Impossible - Ghost Protocol', 0, 0, 0),
(196, 'XXX', 0, 0, 0),
(197, 'XXX: State of the Union', 0, 0, 0),
(198, 'The Fast and the Furious', 0, 0, 0),
(199, '2 Fast 2 Furious', 0, 0, 0),
(200, 'The Fast and the Furious: Tokyo Drift', 0, 0, 0),
(201, 'Fast & Furious', 0, 0, 0),
(202, 'Fast Five', 0, 0, 0),
(203, 'Once Upon a Time in the West', 0, 0, 0),
(204, 'Gran Torino', 0, 0, 0),
(205, 'Twilight', 0, 0, 0),
(206, 'New Moon', 0, 0, 0),
(207, 'The Twilight Saga: Eclipse', 0, 0, 0),
(208, 'The Twilight Saga: Breaking Dawn Part 1', 0, 0, 0),
(209, 'Cast Away', 0, 0, 0),
(210, 'Se7en', 0, 0, 0),
(211, 'Terminator 2: Judgement Day', 0, 0, 0),
(212, 'King Arthur', 0, 0, 0),
(213, 'Kingdom of Heaven', 0, 0, 0),
(214, 'The Rundown', 0, 0, 0),
(215, 'Toy Story', 0, 0, 0),
(216, 'Toy Story 2', 0, 0, 0),
(217, 'Toy Story 3', 0, 0, 0),
(218, 'V for Vendetta', 0, 0, 0),
(219, 'TRON: Legacy', 0, 0, 0),
(220, 'The Green Mile', 0, 0, 0),
(221, 'The Rock', 0, 0, 0),
(222, 'Full Metal Jacket', 0, 0, 0),
(223, 'The Lion King', 0, 0, 0),
(224, 'The Lion King 2: Simba''s Pride', 0, 0, 0),
(225, 'Indiana Jones and the Temple of Doom', 0, 0, 0),
(226, 'Indiana Jones and the Last Crusade', 0, 0, 0),
(227, 'The League of Extraordinary Gentlemen', 0, 0, 0),
(228, 'Octopussy', 0, 0, 0),
(229, 'The Man with the Golden Gun', 0, 0, 0),
(318, 'Tomorrow Never Dies', 0, 0, 0),
(319, 'Goldfinger', 0, 0, 0),
(320, 'Die Another Day', 0, 0, 0),
(321, 'Up', 0, 0, 0),
(322, 'Defiance', 0, 0, 0),
(323, 'Hitman', 0, 0, 0),
(324, 'Green Zone', 0, 0, 0),
(325, 'This Means War', 0, 0, 0),
(326, 'X-Men', 0, 0, 0),
(327, 'X2', 0, 0, 0),
(328, 'X-Men: The Last Stand', 0, 0, 0),
(329, 'X-Men Origins: Wolverine', 0, 0, 0),
(330, 'X-Men: First Class', 0, 0, 0),
(331, 'Sin City', 0, 0, 0),
(332, 'No Country for Old Men', 0, 0, 0),
(333, 'Kill Bill: Vol. 1', 0, 0, 0),
(334, 'Kill Bill: Vol. 2', 0, 0, 0),
(335, 'The Chronicles of Narnia: The Lion, the Witch and the Wardrobe', 0, 0, 0),
(336, 'The Chronicles of Narnia: Prince Caspian', 0, 0, 0),
(337, 'The Chronicles of Narnia: The Voyage of the Dawn Treader', 0, 0, 0),
(338, 'Sherlock Holmes: A Game of Shadows', 0, 0, 0),
(339, 'Shanghai Noon', 0, 0, 0),
(340, 'Shanghai Knights', 0, 0, 0),
(341, 'Rush Hour', 0, 0, 0),
(342, 'Rush Hour 2', 0, 0, 0),
(343, 'Rush Hour 3', 0, 0, 0),
(344, 'Donnie Darko', 0, 0, 0),
(345, 'Unleashed', 0, 0, 0),
(346, 'Finding Nemo', 0, 0, 0),
(347, 'Good Will Hunting', 0, 0, 0),
(348, 'Slumdog Millionare', 0, 0, 0),
(349, 'District B13', 0, 0, 0),
(350, 'District 13: Ultimatum', 0, 0, 0),
(351, 'Prince of Persia: The Sands of Time', 0, 0, 0),
(352, 'Never Back Down', 0, 0, 0),
(353, 'Blood and Bone', 0, 0, 0),
(354, 'Red Cliff', 0, 0, 0),
(355, 'Red Cliff II', 0, 0, 0),
(356, 'Start Trek', 0, 0, 0),
(357, 'The Truman Show', 0, 0, 0),
(358, 'Safe House', 0, 0, 0),
(359, 'The Hunger Games', 0, 0, 0),
(360, 'Hero', 0, 0, 0),
(361, 'Iron Man', 0, 0, 0),
(362, 'Iron Man 2', 0, 0, 0),
(363, 'The Man in the Iron Mask', 0, 0, 0),
(364, 'The Three Muskiteers', 0, 0, 0),
(405, 'Wanted', 0, 0, 0),
(406, 'Battle Royale', 0, 0, 0),
(407, 'Apocalypto', 0, 0, 0),
(408, '300', 0, 0, 0),
(409, 'Minority Report', 0, 0, 0),
(410, 'Rise of the Planet of the Apes', 0, 0, 0),
(411, 'The Mask of Zorro', 0, 0, 0),
(412, 'The Legend of Zorro', 0, 0, 0),
(413, 'Van Wilder', 0, 0, 0),
(414, 'Van Wilder 2: The Rise of Taj', 0, 0, 0),
(415, 'Equilibrium', 0, 0, 0),
(416, 'Fearless', 0, 0, 0),
(417, 'Kung Fu Panda', 0, 0, 0),
(418, 'Kung Fu Panda 2', 0, 0, 0),
(419, 'Madagascar', 0, 0, 0),
(420, 'Madagascar: Escape 2 Africa', 0, 0, 0),
(421, 'The Adventures of Tintin', 0, 0, 0),
(422, 'The A-Team', 0, 0, 0),
(423, 'The Losers', 0, 0, 0),
(424, 'Gone in Sixty Seconds', 0, 0, 0),
(425, 'Drive Angry', 0, 0, 0),
(426, 'Face Off', 0, 0, 0),
(427, 'Shaolin Soccer', 0, 0, 0),
(428, 'Shaolin', 0, 0, 0),
(429, 'The Bank Job', 0, 0, 0),
(430, 'Ocean''s Eleven', 0, 0, 0),
(431, 'Ocean''s Twelve', 0, 0, 0),
(432, 'Ocean''s Thirteen', 0, 0, 0),
(433, 'Rocky Balboa', 0, 0, 0),
(434, 'Rocky', 0, 0, 0),
(435, 'Rocky II', 0, 0, 0),
(436, 'Rocky III', 0, 0, 0),
(437, 'Speed', 0, 0, 0),
(438, 'Enemy of the State', 0, 0, 0),
(439, 'Men in Black', 0, 0, 0),
(440, 'Hulk', 0, 0, 0),
(441, 'Hellboy', 0, 0, 0),
(442, 'Hellboy II: The Golden Army', 0, 0, 0),
(443, 'Real Steel', 0, 0, 0),
(444, 'I, Robot', 0, 0, 0),
(445, 'Thor', 0, 0, 0),
(446, 'Traitor', 0, 0, 0),
(447, 'Eagle Eye', 0, 0, 0),
(448, 'The Italian Job', 0, 0, 0),
(449, 'The Patriot', 0, 0, 0),
(450, 'I Am Legend', 0, 0, 0),
(451, 'National Treasure', 0, 0, 0),
(452, 'National Treasure: Book of Secrets', 0, 0, 0),
(453, 'The Book of Eli', 0, 0, 0),
(454, 'Conan the Barbarian', 0, 0, 0),
(455, 'Shoot ''Em Up', 0, 0, 0),
(456, 'Godzilla', 0, 0, 0),
(457, 'Jurassic Park', 0, 0, 0),
(458, 'The Lost World: Jurassic Park', 0, 0, 0),
(459, 'Jurassic Park III', 0, 0, 0),
(460, 'The Mask', 0, 0, 0),
(461, 'Con Air', 0, 0, 0),
(462, 'A Knight''s Tale', 0, 0, 0),
(463, 'The Forbidden Kingdom', 0, 0, 0),
(464, 'Salt', 0, 0, 0),
(465, 'Hancock', 0, 0, 0),
(466, 'Mr. & Mrs. Smith', 0, 0, 0),
(467, 'Armageddon', 0, 0, 0),
(468, 'Ninja Assassin', 0, 0, 0),
(469, 'Alice in Wonderland', 0, 0, 0),
(470, 'The Sorcerer''s Apprentice', 0, 0, 0),
(471, 'Immortals', 0, 0, 0),
(472, 'Knowing', 0, 0, 0),
(473, 'Jumper', 0, 0, 0),
(474, 'The Green Hornet', 0, 0, 0),
(475, 'Walking Tall', 0, 0, 0),
(476, 'S.W.A.T.', 0, 0, 0),
(477, 'Fantastic Four', 0, 0, 0),
(478, 'Fantastic 4: Rise of the Silver Surfer', 0, 0, 0),
(479, 'Van Helsing', 0, 0, 0),
(480, 'Alexander', 0, 0, 0),
(481, 'The Scorpion King', 0, 0, 0),
(482, 'The Scorpion King: Rise of a Warrior', 0, 0, 0),
(483, 'Ghost Rider', 0, 0, 0),
(484, 'The Tuxedo', 0, 0, 0),
(485, '10,000 BC', 0, 0, 0),
(486, 'Elektra', 0, 0, 0),
(487, 'The Last Airbender', 0, 0, 0),
(488, 'The Hangover', 0, 0, 0),
(489, 'The Hangover Part II', 0, 0, 0),
(490, 'Due Date', 0, 0, 0),
(491, 'Project X', 0, 0, 0),
(492, 'Despicable Me', 0, 0, 0),
(493, 'Grown Ups', 0, 0, 0),
(494, 'Knight and Day', 0, 0, 0),
(495, 'The Proposal', 0, 0, 0),
(496, 'Step Up', 0, 0, 0),
(497, 'Step Up 2: The Streets', 0, 0, 0),
(498, 'Children of Men', 0, 0, 0),
(499, 'Australia', 0, 0, 0),
(500, 'EuroTrip', 0, 0, 0),
(501, 'The Amazing Spider-Man', 0, 0, 0),
(502, 'Man on a Ledge', 0, 0, 0),
(503, 'The Dark Knight Rises', 0, 0, 0),
(505, 'Undisputed', 0, 0, 0),
(506, 'Ek Tha Tiger', 0, 0, 0),
(507, 'Jism 2', 0, 0, 0),
(508, 'Kya Super Cool Hai Hum', 0, 0, 0),
(509, 'Kites', 0, 0, 0),
(510, 'Kal Ho Na Ho', 0, 0, 0),
(511, 'Once Upon a Time in Mexico', 0, 0, 0),
(512, 'Prometheus', 0, 0, 0),
(513, 'The Expendables 2', 0, 0, 0),
(514, 'The Marine', 0, 0, 0),
(515, 'Desi Boyz', 0, 0, 0),
(516, 'Friday the 13th', 0, 0, 0),
(517, 'Paan Singh Tomar', 0, 0, 0),
(518, 'Rockstar', 0, 0, 0),
(519, 'War of Worlds', 0, 0, 0),
(520, 'Agneepath', 0, 0, 0),
(521, 'Blood Money', 0, 0, 0),
(522, 'Cocktail', 0, 0, 0),
(523, 'Ferrari Ki Sawari', 0, 0, 0),
(524, 'Force', 0, 0, 0),
(525, 'Iron Sky', 0, 0, 0),
(526, 'Kahaani', 0, 0, 0),
(527, 'Shanghai', 0, 0, 0),
(528, 'Ice Age 4: Continental Drift', 0, 0, 0),
(529, 'Abraham Lincoln Vampire Hunter', 0, 0, 0),
(530, 'Lord of War', 0, 0, 0),
(531, 'Rock of Ages', 0, 0, 0),
(532, 'Snow White and the Huntsman', 0, 0, 0),
(533, 'The Man from the Earth', 0, 0, 0);

-- --------------------------------------------------------

--
-- Table structure for table `users`
--

CREATE TABLE IF NOT EXISTS `users` (
  `user_id` int(11) NOT NULL AUTO_INCREMENT,
  `name` varchar(32) NOT NULL,
  `room` varchar(5) NOT NULL,
  `ip_addr` varchar(32) NOT NULL,
  PRIMARY KEY (`user_id`)
) ENGINE=InnoDB  DEFAULT CHARSET=latin1 AUTO_INCREMENT=111 ;

--
-- Dumping data for table `users`
--

INSERT INTO `users` (`user_id`, `name`, `room`, `ip_addr`) VALUES
(4, 'Neeraj', '423', '172.16.84.214'),
(5, 'arpit', '423', '172.16.84.243'),
(6, 'Suren Makkar', '420', '172.16.84.38'),
(7, 'Akarsh', '0', '172.16.84.241'),
(8, 'kuch bhi', '0', '172.16.84.231'),
(9, 'Abhinav varshney', '0', '172.16.84.136'),
(10, 'comedy', '0', '172.16.85.17'),
(11, 'Va', '116', '172.16.84.40'),
(12, 'Rohan Chhabra', '328', '172.16.84.236'),
(13, 'a', '0', '172.16.84.183'),
(14, 'sam', '212', '172.16.84.73'),
(16, 'jj', '0', '172.16.84.85'),
(17, 'ABHISHEK  RATHORE', '0', '172.16.84.119'),
(18, 'Gaurav  Shukla', '0', '172.16.84.116'),
(19, 'karan', '0', '172.16.84.159'),
(20, 'a', '425', '172.16.84.147'),
(21, 'fjgkjk hklhlkj', '0', '172.16.84.128'),
(22, 'rishi', '112', '172.16.84.37'),
(23, 'vyom dixit', '0', '172.16.85.14'),
(24, 'ankit bansal', '0', '172.16.84.250'),
(25, 'Samy', '0', '172.16.84.252'),
(26, 'brock', '0', '172.16.84.117'),
(27, 'edfsfsfsd', '402', '172.16.84.195'),
(28, 'abhinav bansal', '419', '172.16.84.155'),
(29, 'abhishek', '0', '172.16.84.253'),
(30, 'vibhor', '0', '172.16.84.240'),
(31, 'Nitin Sharma', '323', '172.16.85.18'),
(32, 'hhggh', '415', '172.16.84.138'),
(33, 'C_R_A_S_H', '0', '172.16.84.54'),
(35, 'palash relan', '0', '172.16.84.43'),
(37, 'Ashu', '0', '172.16.84.142'),
(38, 'Utkarsh garg', '0', '172.16.85.16'),
(39, 'hell', '0', '172.16.84.94'),
(40, 'Rahul Satija', '0', '172.16.84.205'),
(41, 'shashank jain', '0', '172.16.84.180'),
(42, 'Poojit Sharma', '417', '172.16.84.255'),
(43, 'Sharad', '424', '172.16.84.33'),
(44, 'nishant kumar', '0', '172.16.84.46'),
(45, 'rajendra', '414', '172.16.84.171'),
(46, 'gaurav singh', '0', '172.16.84.56'),
(47, 'dorji', '216', '172.16.84.27'),
(48, 'mohit karnani', '417', '172.16.85.24'),
(50, 'HEMANT CHAUDHARY', '202', '172.16.84.48'),
(51, 'Saransh Bhateja', '102', '172.16.84.158'),
(52, 'al habibi', '0', '172.16.84.169'),
(53, 'Vaidik Kapoor', '0', '172.16.84.74'),
(54, 'amresh', '0', '172.16.84.103'),
(56, 'kk', '0', '172.16.84.144'),
(57, 'sagar sharma', '0', '172.16.84.225'),
(58, 'Shubham', '122', '172.16.84.55'),
(59, 'rahul sharma', '219', '172.16.84.233'),
(60, 'Departed', '224', '172.16.84.126'),
(61, 'blahblah', '204', '172.16.85.9'),
(62, 'Anshul Gupta', '0', '172.16.85.15'),
(64, 'me solo', '206', '172.16.84.97'),
(65, 'sgetr', '123', '172.16.84.123'),
(66, 'abhineet', '221', '172.16.84.246'),
(67, 'rohit', '324', '172.16.84.238'),
(68, 'rajat baj', '222', '172.16.84.76'),
(69, 'Nikash kumar', '427', '172.16.85.7'),
(70, 'akshay malhotra', '206', '172.16.84.172'),
(71, 'ARPIT JAIN', '132', '172.16.84.163'),
(72, 'saransh bhateja', '102', '172.16.84.188'),
(73, 'ankit', '104', '172.16.84.209'),
(74, 'rishabh', '301', '172.16.84.35'),
(75, 'nikhil jain', '232', '172.16.84.112'),
(76, 'Akshat', '219', '172.16.84.137'),
(77, 'Subham Awasthi', '315', '172.16.84.30'),
(78, 'anmol', '303', '172.16.84.95'),
(79, 'RAMBO', '111', '172.16.85.8'),
(80, 'Raghu', 'dorm2', '172.16.84.58'),
(81, 'Anmol kaushik', '405', '172.16.84.86'),
(82, 'akshay', '310', '172.16.84.13'),
(83, 'Sandipan Dwivedi', '310', '172.16.84.14'),
(84, 'Nalin Khandelwal', '224', '172.16.84.154'),
(85, 'Puni', '316', '172.16.84.34'),
(86, 'Ayush Agrawal', '217', '172.16.84.152'),
(87, 'Danish', '322', '172.16.84.91'),
(88, 'mohd. haris farooqui', '311', '172.16.84.19'),
(89, 'Prakhar Vishnooi', '210', '172.16.84.70'),
(90, 'vivek goel', '303', '172.16.85.33'),
(91, 'gaurav', '412', '172.16.85.0'),
(92, 'Ravish Rana', '327', '172.16.84.134'),
(93, 'krazzy', '410', '172.16.84.23'),
(94, 'Nishant', '118', '172.16.84.135'),
(95, 'akshay jaitly', '206', '172.16.84.175'),
(96, 'Aviral', '209', '172.16.84.165'),
(97, 'rai', '425', '172.16.84.11'),
(98, 'Ayush', '125', '172.16.84.190'),
(99, 'Rohit Garg', '410', '172.16.84.110'),
(100, 'sam', '210', '172.16.84.3'),
(101, 'RITWIK KUMAR', '109', '172.16.84.68'),
(102, 'ashish', '302', '172.16.84.133'),
(103, 'ankit', '408', '172.16.84.148'),
(104, 'Rajat Bansal', '323', '172.16.84.96'),
(105, 'Anant Agarwal', '227', '172.16.84.47'),
(107, 'nova', '202', '172.16.84.174'),
(108, 'Saurabh Pathak', '332', '172.16.84.39'),
(109, 'sarthak', '128', '172.16.84.170'),
(110, 'Chirag', '125', '172.16.85.31');

-- --------------------------------------------------------

--
-- Table structure for table `user_rating`
--

CREATE TABLE IF NOT EXISTS `user_rating` (
  `user_id` int(11) NOT NULL,
  `movie_id` int(11) NOT NULL,
  `rating` float NOT NULL,
  UNIQUE KEY `user_id` (`user_id`,`movie_id`),
  KEY `movie_id` (`movie_id`)
) ENGINE=InnoDB DEFAULT CHARSET=latin1;

--
-- Dumping data for table `user_rating`
--

INSERT INTO `user_rating` (`user_id`, `movie_id`, `rating`) VALUES
(4, 1, 4.5),
(4, 2, 3.5),
(4, 3, 5),
(4, 4, 5),
(4, 5, 4.5),
(4, 6, 4.5),
(4, 7, 4.5),
(4, 8, 3.5),
(4, 9, 4),
(4, 10, 4),
(4, 11, 4),
(4, 12, 4),
(4, 13, 4),
(4, 14, 3.5),
(4, 15, 3.5),
(4, 16, 2.5),
(4, 17, 4),
(4, 18, 4),
(4, 19, 4),
(4, 20, 3),
(4, 21, 4),
(4, 22, 3.5),
(4, 23, 3.5),
(4, 24, 3.5),
(4, 25, 4.5),
(4, 26, 5),
(4, 27, 3.5),
(4, 29, 3.5),
(4, 30, 4),
(4, 31, 4),
(4, 32, 4.5),
(4, 33, 3),
(4, 34, 5),
(4, 35, 4.5),
(4, 36, 4),
(4, 37, 3.5),
(4, 38, 4.5),
(4, 39, 4),
(4, 40, 4),
(4, 41, 4),
(4, 42, 4.5),
(4, 43, 4),
(4, 44, 3),
(4, 45, 3),
(4, 46, 4),
(4, 47, 3.5),
(4, 48, 3),
(4, 49, 4),
(4, 50, 3.5),
(4, 51, 4.5),
(4, 52, 4.5),
(4, 53, 4.5),
(4, 54, 3.5),
(4, 55, 4),
(4, 56, 4),
(4, 57, 4),
(4, 58, 4.5),
(4, 59, 4),
(4, 60, 4),
(4, 61, 5),
(4, 62, 3.5),
(4, 63, 4.5),
(4, 64, 4),
(4, 65, 4),
(4, 66, 5),
(4, 67, 5),
(4, 68, 4),
(4, 69, 4),
(4, 70, 3),
(4, 71, 3.5),
(4, 72, 3.5),
(4, 73, 4),
(4, 75, 3.5),
(4, 76, 3.5),
(4, 77, 4),
(4, 78, 3),
(4, 79, 4),
(4, 80, 3),
(4, 81, 4),
(4, 82, 4),
(4, 83, 4.5),
(4, 84, 4),
(4, 85, 5),
(4, 86, 3.5),
(4, 87, 5),
(4, 88, 3.5),
(4, 90, 4.5),
(4, 91, 4.5),
(4, 92, 4.5),
(4, 93, 5),
(4, 94, 3.5),
(4, 95, 4),
(4, 96, 3.5),
(4, 97, 3.5),
(4, 98, 4),
(4, 99, 3.5),
(4, 100, 4),
(4, 101, 5),
(4, 102, 4.5),
(4, 103, 4),
(4, 105, 4),
(4, 106, 4),
(4, 107, 4.5),
(4, 108, 3.5),
(4, 115, 3.5),
(4, 119, 3.5),
(4, 120, 3),
(4, 121, 2),
(4, 122, 4),
(4, 123, 3.5),
(4, 124, 3.5),
(4, 125, 4),
(4, 126, 3.5),
(4, 127, 4),
(4, 130, 3),
(4, 131, 4),
(4, 132, 3),
(4, 133, 4),
(4, 134, 4),
(4, 135, 4),
(4, 137, 5),
(4, 142, 5),
(4, 144, 4),
(4, 145, 3.5),
(4, 152, 2),
(4, 153, 2),
(4, 154, 3.5),
(4, 155, 3),
(4, 156, 3),
(4, 158, 3.5),
(4, 160, 3),
(4, 162, 3.5),
(4, 163, 4),
(4, 164, 4),
(4, 165, 2.5),
(4, 166, 2.5),
(4, 167, 3.5),
(4, 168, 3),
(4, 169, 2.5),
(4, 170, 3.5),
(4, 171, 3),
(4, 172, 2.5),
(4, 173, 2),
(4, 174, 2.5),
(4, 175, 4.5),
(4, 176, 5),
(4, 177, 3),
(4, 184, 3),
(4, 189, 4),
(4, 190, 3.5),
(4, 191, 4),
(4, 192, 4),
(4, 194, 3),
(4, 195, 3.5),
(4, 196, 3),
(4, 199, 3.5),
(4, 200, 3),
(4, 201, 4),
(4, 204, 4),
(4, 207, 2.5),
(4, 208, 2.5),
(4, 213, 3),
(4, 214, 3),
(4, 218, 5),
(4, 219, 2.5),
(4, 220, 3),
(4, 227, 3),
(4, 321, 4),
(4, 324, 3.5),
(4, 326, 3),
(4, 328, 3.5),
(4, 329, 3.5),
(4, 330, 4),
(4, 333, 3.5),
(4, 336, 3.5),
(4, 338, 3.5),
(4, 339, 3),
(4, 340, 3),
(4, 341, 3.5),
(4, 342, 3),
(4, 343, 3),
(4, 345, 3),
(4, 346, 4.5),
(4, 347, 4.5),
(4, 348, 4),
(4, 349, 3),
(4, 352, 3.5),
(4, 357, 3.5),
(4, 360, 3.5),
(4, 361, 4),
(4, 362, 4),
(4, 407, 3.5),
(4, 408, 4.5),
(4, 409, 4),
(4, 410, 3.5),
(4, 412, 3),
(4, 415, 4),
(4, 416, 3.5),
(4, 417, 4),
(4, 418, 4.5),
(4, 422, 3),
(4, 424, 3.5),
(4, 425, 2),
(4, 426, 3.5),
(4, 427, 3.5),
(4, 430, 4),
(4, 431, 3),
(4, 432, 3),
(4, 433, 4),
(4, 434, 4.5),
(4, 435, 3.5),
(4, 436, 4),
(4, 437, 3.5),
(4, 444, 4),
(4, 445, 3),
(4, 446, 3),
(4, 448, 3.5),
(4, 449, 3.5),
(4, 451, 3.5),
(4, 452, 3),
(4, 453, 2.5),
(4, 455, 3),
(4, 456, 4),
(4, 457, 4),
(4, 458, 4),
(4, 459, 3),
(4, 460, 3),
(4, 461, 3),
(4, 463, 3),
(4, 465, 4),
(4, 467, 3.5),
(4, 468, 3.5),
(4, 470, 2.5),
(4, 472, 3.5),
(4, 473, 3.5),
(4, 474, 2.5),
(4, 476, 3),
(4, 477, 3.5),
(4, 478, 3.5),
(4, 483, 2.5),
(4, 485, 3),
(4, 486, 2.5),
(4, 487, 2),
(4, 488, 3),
(4, 489, 2),
(4, 491, 3.5),
(4, 492, 3.5),
(4, 496, 3),
(4, 497, 3),
(4, 499, 3),
(4, 500, 2.5),
(4, 503, 4.5),
(4, 507, 1.5),
(4, 508, 1.5),
(4, 517, 4),
(4, 518, 4),
(4, 520, 4),
(4, 523, 3),
(4, 533, 4),
(5, 1, 4.5),
(5, 2, 4),
(5, 3, 5),
(5, 4, 5),
(5, 6, 1),
(5, 7, 4),
(5, 10, 4),
(5, 18, 5),
(5, 26, 4.5),
(5, 31, 4),
(5, 34, 3.5),
(5, 45, 3),
(5, 56, 3.5),
(5, 59, 4.5),
(5, 61, 4.5),
(5, 63, 4.5),
(5, 64, 4),
(5, 65, 4),
(5, 66, 5),
(5, 69, 4.5),
(5, 79, 5),
(5, 82, 3.5),
(5, 83, 4.5),
(5, 85, 4.5),
(5, 87, 4),
(5, 102, 5),
(5, 107, 4.5),
(6, 1, 2.5),
(6, 2, 3),
(6, 3, 2.5),
(6, 5, 2),
(6, 6, 2.5),
(6, 43, 2.5),
(6, 44, 3),
(6, 45, 1.5),
(6, 46, 3),
(6, 70, 3.5),
(6, 71, 3),
(6, 72, 4),
(6, 73, 4.5),
(6, 78, 4),
(6, 80, 2.5),
(6, 81, 3.5),
(6, 82, 3),
(7, 1, 2.5),
(7, 2, 5),
(7, 3, 3.5),
(7, 4, 5),
(7, 6, 5),
(7, 12, 2),
(7, 13, 3),
(7, 14, 2),
(7, 15, 3),
(7, 17, 3.5),
(7, 18, 2),
(7, 19, 4),
(7, 20, 2),
(7, 21, 4.5),
(7, 22, 3.5),
(7, 24, 3.5),
(7, 25, 2.5),
(7, 26, 4),
(7, 27, 4),
(7, 28, 3.5),
(7, 29, 3.5),
(7, 30, 4),
(7, 31, 4),
(7, 32, 3),
(7, 33, 3.5),
(7, 34, 3),
(7, 35, 2.5),
(7, 36, 1.5),
(7, 37, 2),
(7, 38, 1.5),
(7, 39, 4),
(7, 40, 5),
(7, 41, 2),
(7, 42, 5),
(7, 43, 1.5),
(7, 44, 2.5),
(7, 46, 5),
(7, 56, 3),
(7, 61, 3),
(7, 62, 3),
(7, 63, 3.5),
(7, 64, 3.5),
(7, 65, 3.5),
(7, 66, 4.5),
(7, 67, 2),
(7, 68, 4.5),
(7, 69, 3.5),
(7, 70, 5),
(7, 77, 2.5),
(7, 78, 5),
(7, 79, 4),
(7, 95, 5),
(7, 96, 5),
(7, 97, 3.5),
(7, 98, 1.5),
(7, 99, 4),
(7, 100, 1),
(7, 101, 3),
(7, 102, 3.5),
(7, 103, 3),
(7, 104, 5),
(7, 105, 2),
(7, 106, 4),
(7, 108, 4),
(9, 25, 3.5),
(9, 106, 4.5),
(9, 485, 5),
(11, 1, 5),
(11, 51, 1),
(11, 63, 5),
(11, 338, 5),
(11, 514, 1),
(12, 1, 4),
(12, 2, 3.5),
(12, 3, 4),
(12, 5, 3.5),
(12, 7, 4),
(12, 10, 4),
(12, 40, 3),
(12, 44, 3.5),
(12, 67, 3.5),
(12, 69, 4.5),
(12, 81, 5),
(12, 83, 3.5),
(12, 87, 4.5),
(12, 101, 4),
(12, 102, 4),
(12, 107, 4),
(12, 108, 4),
(12, 124, 3.5),
(12, 125, 3),
(12, 126, 3.5),
(12, 137, 4),
(12, 145, 3.5),
(12, 152, 3.5),
(12, 153, 2.5),
(12, 166, 2.5),
(12, 170, 3),
(12, 172, 3),
(12, 173, 3.5),
(12, 174, 3),
(12, 177, 3.5),
(12, 178, 3.5),
(12, 179, 3.5),
(12, 184, 3.5),
(12, 185, 3.5),
(12, 186, 3.5),
(12, 187, 3),
(12, 189, 4),
(12, 190, 3.5),
(12, 196, 4),
(12, 197, 4),
(12, 199, 3.5),
(12, 201, 3.5),
(12, 202, 4),
(12, 205, 3),
(12, 219, 2.5),
(12, 318, 3.5),
(12, 329, 4),
(12, 352, 4),
(12, 361, 4.5),
(12, 362, 4.5),
(12, 364, 4),
(12, 405, 3),
(12, 408, 4),
(12, 413, 3.5),
(12, 414, 3.5),
(12, 417, 4),
(12, 418, 4.5),
(12, 424, 3.5),
(12, 430, 4),
(12, 431, 4),
(12, 432, 4),
(12, 441, 3),
(12, 444, 4),
(12, 445, 3.5),
(12, 450, 3.5),
(12, 451, 4.5),
(12, 452, 4.5),
(12, 457, 3.5),
(12, 459, 3.5),
(12, 465, 3.5),
(12, 466, 3.5),
(12, 468, 4),
(12, 470, 3),
(12, 471, 2.5),
(12, 478, 3),
(12, 494, 3),
(12, 500, 3),
(12, 506, 2),
(12, 507, 2),
(12, 510, 3.5),
(12, 515, 2.5),
(12, 517, 4),
(12, 526, 3.5),
(13, 1, 3.5),
(13, 2, 3.5),
(13, 5, 3.5),
(13, 45, 3),
(13, 132, 4),
(13, 145, 4.5),
(13, 170, 3),
(13, 171, 3),
(13, 172, 2.5),
(13, 173, 2.5),
(13, 174, 2.5),
(13, 189, 3.5),
(13, 199, 2),
(13, 408, 3),
(14, 1, 4.5),
(14, 83, 3.5),
(14, 191, 4.5),
(14, 199, 5),
(14, 506, 3.5),
(16, 1, 4),
(16, 464, 4.5),
(18, 1, 4),
(18, 2, 3.5),
(18, 44, 4.5),
(18, 114, 3.5),
(18, 199, 3.5),
(18, 408, 4.5),
(20, 1, 3.5),
(20, 2, 3.5),
(20, 4, 5),
(20, 5, 3.5),
(20, 7, 4),
(20, 8, 4.5),
(20, 10, 4),
(20, 13, 4),
(20, 14, 3.5),
(20, 15, 3),
(20, 16, 2.5),
(20, 17, 4),
(20, 19, 5),
(20, 20, 2.5),
(20, 21, 4.5),
(20, 25, 4),
(20, 27, 4.5),
(20, 28, 4.5),
(20, 31, 3.5),
(20, 32, 4.5),
(20, 34, 3),
(20, 35, 5),
(20, 36, 3.5),
(20, 37, 3),
(20, 45, 3),
(20, 46, 4),
(20, 47, 3),
(20, 48, 3),
(20, 52, 4),
(20, 53, 3.5),
(20, 54, 3),
(20, 55, 4),
(20, 56, 4.5),
(20, 57, 3.5),
(20, 58, 2.5),
(20, 62, 4),
(20, 63, 4.5),
(20, 64, 3.5),
(20, 65, 4),
(20, 66, 4),
(20, 67, 4),
(20, 68, 5),
(20, 69, 3),
(20, 73, 3.5),
(20, 74, 3.5),
(20, 79, 4.5),
(20, 82, 3),
(20, 87, 3),
(20, 94, 3),
(20, 99, 3),
(20, 101, 4),
(20, 102, 4.5),
(20, 103, 4),
(20, 104, 3),
(20, 105, 4),
(20, 106, 4),
(20, 107, 3),
(20, 108, 3),
(20, 117, 3.5),
(20, 124, 4),
(20, 125, 3.5),
(20, 126, 2),
(20, 127, 4),
(20, 131, 4.5),
(20, 132, 4),
(20, 133, 4),
(20, 134, 3.5),
(20, 135, 3),
(20, 136, 3),
(20, 137, 5),
(20, 144, 4),
(20, 145, 4),
(20, 154, 3),
(20, 167, 4),
(20, 168, 3.5),
(20, 169, 4),
(20, 170, 3.5),
(20, 171, 3),
(20, 172, 2),
(20, 173, 2),
(20, 174, 2),
(20, 175, 3.5),
(20, 188, 2.5),
(20, 189, 3.5),
(20, 190, 4),
(20, 192, 3),
(20, 193, 4),
(20, 194, 3.5),
(20, 195, 4),
(20, 198, 3),
(20, 199, 2.5),
(20, 200, 4),
(20, 201, 4),
(20, 202, 3.5),
(20, 206, 3.5),
(20, 208, 3.5),
(20, 318, 3.5),
(20, 324, 3.5),
(20, 326, 4),
(20, 327, 3),
(20, 328, 4),
(20, 329, 3.5),
(20, 330, 4),
(20, 336, 3.5),
(20, 338, 3),
(20, 348, 3.5),
(20, 351, 3.5),
(20, 352, 2.5),
(20, 361, 4),
(20, 362, 3.5),
(20, 408, 3),
(20, 409, 3),
(20, 421, 3.5),
(20, 426, 4),
(20, 429, 3),
(20, 430, 3),
(20, 431, 4),
(20, 432, 3.5),
(20, 437, 3),
(20, 443, 3),
(20, 445, 3),
(20, 448, 4),
(20, 451, 4.5),
(20, 452, 4),
(20, 460, 3.5),
(20, 466, 3),
(20, 477, 3.5),
(20, 478, 3),
(20, 480, 5),
(20, 495, 3.5),
(20, 496, 3),
(20, 497, 3),
(20, 501, 4),
(20, 508, 1),
(20, 518, 3.5),
(20, 522, 1.5),
(22, 1, 5),
(22, 3, 5),
(22, 132, 2),
(22, 186, 3.5),
(22, 195, 4.5),
(22, 408, 3),
(22, 439, 4),
(22, 440, 4),
(22, 444, 2.5),
(22, 452, 3.5),
(22, 469, 1),
(24, 86, 5),
(28, 1, 3.5),
(28, 2, 4),
(28, 3, 5),
(28, 4, 5),
(28, 5, 4),
(28, 6, 5),
(28, 7, 5),
(28, 8, 3.5),
(28, 9, 3.5),
(28, 10, 4),
(28, 11, 3.5),
(28, 13, 4),
(28, 14, 4),
(28, 15, 4),
(28, 16, 4),
(28, 17, 4),
(28, 18, 4),
(28, 20, 3),
(28, 21, 4),
(28, 22, 2.5),
(28, 23, 3),
(28, 24, 4.5),
(28, 25, 4),
(28, 27, 4),
(28, 28, 4),
(28, 31, 4),
(28, 32, 3.5),
(28, 33, 4.5),
(28, 34, 4),
(28, 35, 5),
(28, 36, 3.5),
(28, 37, 3),
(28, 38, 3.5),
(28, 39, 3.5),
(28, 44, 3),
(28, 45, 3),
(28, 46, 3.5),
(28, 48, 3.5),
(28, 50, 3.5),
(28, 52, 3.5),
(28, 53, 3.5),
(28, 54, 4),
(28, 55, 3.5),
(28, 56, 4),
(28, 57, 3.5),
(28, 58, 3.5),
(28, 59, 4.5),
(28, 60, 3.5),
(28, 63, 5),
(28, 64, 3.5),
(28, 65, 3),
(28, 66, 4.5),
(28, 67, 3.5),
(28, 68, 4),
(28, 69, 4),
(28, 72, 3),
(28, 73, 3),
(28, 78, 4),
(28, 79, 4),
(28, 81, 3.5),
(28, 82, 3),
(28, 83, 3),
(28, 84, 3.5),
(28, 85, 5),
(28, 86, 3),
(28, 87, 5),
(28, 88, 4),
(28, 89, 2),
(28, 90, 4),
(28, 91, 4),
(28, 92, 4),
(28, 93, 4.5),
(28, 94, 3.5),
(28, 95, 4),
(28, 96, 3.5),
(28, 98, 3.5),
(28, 99, 3),
(28, 101, 4.5),
(28, 102, 4),
(28, 105, 4),
(28, 106, 4),
(28, 107, 3.5),
(28, 109, 3),
(28, 110, 4),
(28, 111, 4),
(28, 112, 3.5),
(28, 113, 2.5),
(28, 114, 4),
(28, 116, 3),
(28, 117, 3.5),
(28, 119, 2.5),
(28, 120, 4),
(28, 121, 2),
(28, 122, 3.5),
(28, 123, 3.5),
(28, 124, 4),
(28, 125, 4),
(28, 126, 4),
(28, 128, 2.5),
(28, 129, 3),
(28, 131, 5),
(28, 132, 4),
(28, 133, 3.5),
(28, 134, 4),
(28, 135, 3.5),
(28, 136, 3),
(28, 137, 4.5),
(28, 142, 5),
(28, 143, 2.5),
(28, 144, 4),
(28, 145, 3),
(28, 146, 4),
(28, 147, 3),
(28, 148, 3),
(28, 149, 3),
(28, 150, 3),
(28, 151, 3),
(28, 152, 4),
(28, 153, 3.5),
(28, 154, 3),
(28, 155, 3.5),
(28, 156, 3.5),
(28, 157, 2.5),
(28, 159, 3),
(28, 160, 2.5),
(28, 161, 3.5),
(28, 162, 3),
(28, 163, 3.5),
(28, 164, 3.5),
(28, 165, 3.5),
(28, 166, 3.5),
(28, 167, 3),
(28, 168, 3.5),
(28, 169, 3.5),
(28, 170, 4),
(28, 171, 4),
(28, 172, 3),
(28, 173, 3),
(28, 174, 3),
(28, 175, 4),
(28, 176, 4),
(28, 177, 3.5),
(28, 178, 3),
(28, 179, 3.5),
(28, 180, 3.5),
(28, 181, 3.5),
(28, 182, 4),
(28, 183, 3.5),
(28, 184, 3),
(28, 185, 3.5),
(28, 186, 3.5),
(28, 187, 3.5),
(28, 188, 3.5),
(28, 189, 4),
(28, 190, 3.5),
(28, 191, 3.5),
(28, 192, 3.5),
(28, 193, 3.5),
(28, 194, 3.5),
(28, 195, 4),
(28, 196, 3),
(28, 197, 3),
(28, 198, 3.5),
(28, 199, 3.5),
(28, 200, 4),
(28, 201, 3.5),
(28, 202, 3.5),
(28, 205, 2.5),
(28, 207, 2.5),
(28, 208, 2.5),
(28, 210, 4),
(28, 211, 3.5),
(28, 212, 3),
(28, 213, 3.5),
(28, 215, 3),
(28, 216, 3),
(28, 217, 3),
(28, 218, 5),
(28, 219, 3.5),
(28, 220, 3),
(28, 221, 3.5),
(28, 223, 4),
(28, 224, 4),
(28, 225, 3),
(28, 226, 3),
(28, 227, 3.5),
(28, 228, 3),
(28, 318, 3.5),
(28, 319, 3.5),
(28, 320, 4),
(28, 321, 3.5),
(28, 323, 3),
(28, 324, 3.5),
(28, 325, 3),
(28, 326, 3.5),
(28, 328, 3.5),
(28, 329, 4),
(28, 330, 3.5),
(28, 331, 3.5),
(28, 333, 3),
(28, 334, 3),
(28, 335, 3),
(28, 336, 3.5),
(28, 337, 2.5),
(28, 338, 5),
(28, 339, 3.5),
(28, 340, 3.5),
(28, 341, 3),
(28, 342, 3),
(28, 343, 3),
(28, 344, 2.5),
(28, 346, 3),
(28, 348, 2),
(28, 349, 3),
(28, 350, 3),
(28, 351, 4),
(28, 352, 3.5),
(28, 353, 3.5),
(28, 356, 3.5),
(28, 357, 3),
(28, 358, 3),
(28, 359, 3.5),
(28, 361, 4),
(28, 362, 4),
(28, 364, 3),
(28, 405, 3.5),
(28, 406, 3.5),
(28, 407, 1.5),
(28, 408, 5),
(28, 409, 3),
(28, 410, 4),
(28, 411, 3.5),
(28, 412, 3),
(28, 413, 3),
(28, 414, 3),
(28, 415, 4.5),
(28, 416, 3.5),
(28, 417, 4.5),
(28, 418, 4.5),
(28, 419, 4.5),
(28, 420, 4),
(28, 421, 3.5),
(28, 422, 4.5),
(28, 423, 3.5),
(28, 424, 3.5),
(28, 425, 3),
(28, 426, 3.5),
(28, 427, 4.5),
(28, 428, 3.5),
(28, 429, 3.5),
(28, 430, 4),
(28, 431, 3),
(28, 432, 3.5),
(28, 433, 3.5),
(28, 434, 3.5),
(28, 435, 3),
(28, 436, 3.5),
(28, 437, 3),
(28, 438, 3.5),
(28, 439, 3.5),
(28, 440, 4),
(28, 441, 3.5),
(28, 442, 3.5),
(28, 443, 3.5),
(28, 444, 3.5),
(28, 445, 3.5),
(28, 447, 4),
(28, 448, 3.5),
(28, 450, 3.5),
(28, 451, 3),
(28, 452, 3.5),
(28, 453, 3),
(28, 454, 3.5),
(28, 455, 4),
(28, 456, 3.5),
(28, 457, 3.5),
(28, 458, 3.5),
(28, 459, 3.5),
(28, 460, 3.5),
(28, 463, 3.5),
(28, 464, 3.5),
(28, 465, 3),
(28, 466, 3.5),
(28, 467, 3),
(28, 468, 3.5),
(28, 470, 2.5),
(28, 471, 3),
(28, 472, 4),
(28, 473, 3.5),
(28, 474, 3),
(28, 476, 2.5),
(28, 477, 3),
(28, 478, 3),
(28, 479, 3),
(28, 481, 3),
(28, 482, 3),
(28, 483, 3.5),
(28, 484, 2.5),
(28, 485, 3.5),
(28, 487, 3),
(28, 488, 3.5),
(28, 489, 3.5),
(28, 490, 3),
(28, 491, 4),
(28, 492, 4),
(28, 493, 3),
(28, 494, 2),
(28, 495, 3.5),
(28, 496, 3),
(28, 497, 4),
(28, 498, 4),
(28, 500, 3),
(28, 503, 5),
(28, 505, 4.5),
(28, 518, 3),
(28, 527, 3),
(31, 1, 4),
(31, 2, 3),
(31, 3, 3.5),
(31, 112, 3),
(31, 114, 3),
(31, 145, 3.5),
(31, 170, 2.5),
(31, 172, 3.5),
(31, 173, 3),
(31, 174, 3),
(31, 189, 3),
(31, 199, 2.5),
(31, 407, 3),
(31, 408, 3.5),
(32, 1, 3.5),
(32, 63, 5),
(32, 82, 3.5),
(32, 107, 4),
(32, 108, 3.5),
(32, 160, 3.5),
(32, 166, 2.5),
(32, 199, 4),
(32, 201, 3.5),
(32, 202, 3),
(32, 338, 5),
(32, 346, 3.5),
(32, 348, 5),
(32, 349, 3.5),
(32, 408, 4),
(32, 500, 2.5),
(33, 45, 4),
(33, 78, 4),
(33, 473, 3.5),
(33, 499, 4),
(35, 1, 4.5),
(35, 2, 2.5),
(35, 3, 4),
(35, 5, 4.5),
(35, 6, 4.5),
(35, 17, 4.5),
(35, 45, 4.5),
(35, 46, 4),
(35, 71, 4),
(35, 78, 3.5),
(35, 80, 3),
(35, 114, 2.5),
(35, 132, 3.5),
(35, 136, 4.5),
(35, 145, 3.5),
(35, 170, 2),
(35, 172, 2),
(35, 173, 2.5),
(35, 174, 3),
(35, 177, 3),
(35, 178, 3),
(35, 179, 3),
(35, 189, 4.5),
(35, 191, 5),
(35, 199, 4),
(35, 209, 4.5),
(35, 353, 1.5),
(35, 408, 4.5),
(35, 410, 3.5),
(35, 431, 4),
(35, 432, 4.5),
(35, 433, 4.5),
(35, 434, 4.5),
(35, 435, 4),
(35, 436, 4),
(35, 443, 3.5),
(35, 462, 4),
(35, 467, 4),
(35, 469, 3),
(35, 476, 4.5),
(35, 485, 3),
(39, 175, 1.5),
(39, 176, 2),
(40, 1, 4),
(42, 2, 4.5),
(42, 170, 4.5),
(42, 172, 4.5),
(42, 174, 5),
(44, 107, 3),
(44, 108, 4.5),
(45, 21, 3),
(45, 69, 4),
(45, 451, 2),
(45, 452, 2.5),
(47, 74, 2.5),
(47, 346, 4),
(47, 485, 4.5),
(48, 1, 5),
(48, 3, 5),
(48, 199, 3.5),
(48, 485, 4.5),
(51, 101, 5),
(51, 466, 4.5),
(51, 502, 3),
(53, 1, 1.5),
(53, 4, 5),
(53, 5, 4.5),
(53, 6, 4.5),
(53, 18, 5),
(53, 25, 4),
(53, 35, 5),
(53, 36, 4.5),
(53, 44, 4),
(53, 61, 5),
(53, 69, 5),
(53, 79, 5),
(53, 102, 4.5),
(53, 105, 4),
(53, 106, 4.5),
(53, 131, 4.5),
(53, 138, 5),
(53, 139, 5),
(53, 140, 4.5),
(53, 142, 4.5),
(53, 171, 3),
(53, 189, 4.5),
(53, 191, 4),
(53, 199, 2.5),
(53, 218, 5),
(53, 346, 4),
(53, 419, 5),
(53, 429, 4),
(53, 451, 4),
(53, 453, 3),
(53, 500, 3),
(53, 501, 4),
(54, 1, 4.5),
(54, 408, 4),
(59, 1, 5),
(59, 2, 4),
(59, 3, 4.5),
(59, 112, 4),
(59, 114, 3),
(59, 145, 4.5),
(59, 170, 2.5),
(59, 171, 2.5),
(59, 172, 2.5),
(59, 173, 3),
(59, 174, 3.5),
(59, 199, 3.5),
(59, 408, 5),
(59, 467, 4.5),
(59, 480, 2.5),
(59, 485, 1.5),
(61, 480, 5),
(66, 1, 5),
(68, 15, 4),
(79, 43, 3),
(79, 407, 5),
(80, 1, 4),
(83, 1, 4),
(83, 2, 3),
(83, 3, 4.5),
(83, 4, 4.5),
(83, 8, 4),
(83, 10, 4),
(83, 21, 4.5),
(83, 46, 4.5),
(83, 52, 4.5),
(83, 53, 4),
(83, 54, 3.5),
(83, 55, 3.5),
(83, 56, 3.5),
(83, 57, 4.5),
(83, 58, 3.5),
(83, 69, 1.5),
(83, 85, 5),
(83, 87, 4.5),
(83, 107, 4.5),
(83, 130, 4.5),
(83, 132, 3.5),
(83, 144, 4.5),
(83, 145, 4),
(83, 160, 3.5),
(83, 170, 3),
(83, 179, 3),
(83, 192, 3.5),
(83, 209, 5),
(83, 329, 4.5),
(83, 330, 4),
(83, 361, 4),
(83, 362, 4),
(83, 417, 4),
(83, 430, 4),
(83, 441, 3.5),
(83, 442, 3.5),
(83, 444, 3.5),
(83, 448, 4),
(83, 450, 3.5),
(83, 451, 4),
(83, 465, 3.5),
(83, 489, 3),
(83, 490, 3.5),
(83, 506, 2),
(83, 510, 3.5),
(83, 511, 3.5),
(83, 517, 4),
(83, 522, 2),
(84, 1, 4),
(84, 2, 3.5),
(84, 7, 3.5),
(84, 15, 4),
(84, 16, 3.5),
(84, 17, 3.5),
(84, 67, 4),
(84, 82, 3),
(84, 85, 4.5),
(84, 107, 3.5),
(84, 108, 3.5),
(84, 353, 3),
(84, 427, 3.5),
(84, 458, 4),
(84, 507, 1),
(84, 508, 1),
(84, 517, 3),
(86, 1, 4),
(86, 2, 3.5),
(86, 3, 4),
(86, 4, 5),
(86, 5, 4),
(86, 6, 4),
(86, 7, 3.5),
(86, 12, 3),
(86, 13, 4),
(86, 14, 4),
(86, 15, 4),
(86, 17, 4),
(86, 18, 4),
(86, 20, 2.5),
(86, 21, 2.5),
(86, 24, 3.5),
(86, 25, 3.5),
(86, 27, 4),
(86, 28, 4),
(86, 30, 4),
(86, 31, 3.5),
(86, 32, 3.5),
(86, 33, 4),
(86, 35, 4.5),
(86, 36, 4),
(86, 37, 3),
(86, 38, 3),
(86, 39, 2.5),
(86, 46, 4),
(86, 47, 3.5),
(86, 48, 3),
(86, 50, 3.5),
(86, 61, 4),
(86, 63, 4.5),
(86, 64, 3.5),
(86, 65, 3),
(86, 66, 4.5),
(86, 67, 4),
(86, 68, 4),
(86, 69, 4),
(86, 76, 3.5),
(86, 78, 4),
(86, 79, 4),
(86, 80, 2.5),
(86, 81, 3.5),
(86, 82, 3.5),
(86, 83, 3.5),
(86, 94, 2.5),
(86, 96, 4),
(86, 97, 3.5),
(86, 101, 4),
(86, 102, 3.5),
(86, 103, 4),
(86, 104, 3),
(86, 105, 3.5),
(86, 107, 4),
(86, 109, 3),
(86, 110, 3.5),
(86, 111, 2.5),
(86, 114, 2.5),
(86, 117, 3),
(86, 119, 3),
(86, 120, 3),
(86, 123, 3.5),
(86, 124, 4),
(86, 125, 3.5),
(86, 126, 3.5),
(86, 131, 4.5),
(86, 132, 3),
(86, 133, 3.5),
(86, 134, 3.5),
(86, 135, 3.5),
(86, 137, 4.5),
(86, 138, 4),
(86, 142, 4.5),
(86, 143, 3),
(86, 144, 4),
(86, 145, 3.5),
(86, 146, 3.5),
(86, 152, 3.5),
(86, 153, 1.5),
(86, 154, 3.5),
(86, 155, 3.5),
(86, 156, 3.5),
(86, 158, 3.5),
(86, 160, 3),
(86, 161, 3.5),
(86, 162, 3),
(86, 164, 3),
(86, 165, 3),
(86, 166, 2.5),
(86, 167, 4),
(86, 168, 3.5),
(86, 169, 3.5),
(86, 170, 3),
(86, 171, 3.5),
(86, 172, 2.5),
(86, 173, 3),
(86, 174, 3),
(86, 175, 3.5),
(86, 176, 3.5),
(86, 177, 3),
(86, 178, 3),
(86, 180, 3),
(86, 181, 3),
(86, 182, 3),
(86, 183, 3),
(86, 184, 3),
(86, 185, 3.5),
(86, 186, 3.5),
(86, 187, 3.5),
(86, 188, 4),
(86, 189, 3.5),
(86, 190, 4),
(86, 191, 4),
(86, 197, 3.5),
(86, 198, 3),
(86, 199, 3.5),
(86, 200, 3.5),
(86, 201, 3.5),
(86, 202, 3.5),
(86, 204, 4),
(86, 205, 3),
(86, 207, 2),
(86, 208, 2),
(86, 210, 4),
(86, 211, 3),
(86, 215, 3),
(86, 216, 3),
(86, 217, 3),
(86, 218, 5),
(86, 219, 2.5),
(86, 220, 3),
(86, 222, 3.5),
(86, 223, 2.5),
(86, 224, 2.5),
(86, 227, 3),
(86, 320, 4),
(86, 321, 3.5),
(86, 324, 3.5),
(86, 325, 3),
(86, 326, 3),
(86, 328, 3.5),
(86, 329, 3.5),
(86, 330, 4),
(86, 331, 3.5),
(86, 335, 3),
(86, 336, 3),
(86, 337, 3),
(86, 338, 4.5),
(86, 341, 3.5),
(86, 342, 3),
(86, 343, 3.5),
(86, 344, 3.5),
(86, 347, 4),
(86, 348, 3.5),
(86, 349, 3),
(86, 350, 3.5),
(86, 351, 3.5),
(86, 354, 4.5),
(86, 357, 3.5),
(86, 359, 3),
(86, 405, 3),
(86, 407, 3),
(86, 408, 3.5),
(86, 410, 4),
(86, 411, 3.5),
(86, 412, 3.5),
(86, 413, 3.5),
(86, 414, 3),
(86, 415, 4.5),
(86, 421, 3),
(86, 422, 3.5),
(86, 423, 3),
(86, 424, 3.5),
(86, 425, 2.5),
(86, 426, 3.5),
(86, 427, 3.5),
(86, 429, 3.5),
(86, 433, 4),
(86, 434, 4),
(86, 437, 3),
(86, 438, 3.5),
(86, 443, 3),
(86, 445, 3.5),
(86, 446, 3.5),
(86, 447, 4),
(86, 448, 3.5),
(86, 449, 3.5),
(86, 453, 1.5),
(86, 455, 3.5),
(86, 456, 3),
(86, 458, 4),
(86, 460, 3.5),
(86, 461, 3),
(86, 463, 3),
(86, 464, 4),
(86, 465, 3.5),
(86, 467, 3.5),
(86, 469, 2),
(86, 470, 3),
(86, 474, 3),
(86, 476, 3.5),
(86, 477, 3),
(86, 478, 3),
(86, 479, 3),
(86, 481, 3),
(86, 483, 3.5),
(86, 484, 3),
(86, 485, 3),
(86, 487, 1.5),
(86, 488, 3.5),
(86, 489, 3),
(86, 490, 3),
(86, 492, 4),
(86, 493, 3),
(86, 495, 3.5),
(86, 496, 3),
(86, 497, 3.5),
(86, 500, 3),
(86, 503, 4.5),
(86, 505, 4),
(86, 513, 3),
(86, 514, 3.5),
(86, 515, 2.5),
(86, 518, 4),
(86, 520, 3.5),
(86, 523, 3.5),
(86, 527, 3.5),
(87, 1, 4),
(87, 44, 3),
(87, 408, 4),
(92, 1, 5),
(92, 7, 4.5),
(92, 8, 4),
(92, 10, 5),
(92, 20, 3.5),
(92, 21, 3.5),
(92, 27, 4.5),
(92, 39, 3.5),
(92, 46, 5),
(92, 48, 4),
(92, 52, 4),
(92, 53, 4),
(92, 54, 4),
(92, 55, 4),
(92, 56, 4),
(92, 57, 4),
(92, 58, 4),
(92, 69, 4.5),
(92, 82, 4.5),
(92, 94, 4),
(92, 102, 4.5),
(92, 107, 4),
(92, 131, 4.5),
(92, 142, 4.5),
(92, 167, 4),
(92, 168, 4),
(92, 169, 4),
(92, 192, 4),
(92, 193, 4),
(92, 194, 4),
(92, 195, 4),
(92, 206, 3.5),
(92, 208, 4),
(92, 320, 4),
(92, 326, 4.5),
(92, 328, 4.5),
(92, 329, 4.5),
(92, 330, 4.5),
(92, 348, 4.5),
(92, 427, 3.5),
(92, 445, 4.5),
(92, 457, 4.5),
(92, 459, 4),
(92, 465, 4),
(92, 481, 4),
(92, 485, 3),
(92, 488, 4),
(92, 489, 3),
(92, 496, 3.5),
(92, 497, 3.5),
(92, 506, 2),
(92, 507, 1.5),
(92, 508, 1.5),
(92, 510, 4),
(92, 517, 4.5),
(92, 518, 5),
(92, 520, 4),
(92, 522, 3),
(92, 526, 4),
(92, 527, 3.5),
(94, 1, 4),
(94, 199, 3.5),
(94, 485, 3),
(98, 485, 1.5),
(99, 1, 4),
(99, 5, 4.5),
(99, 46, 4.5),
(99, 136, 4),
(99, 171, 4),
(99, 173, 3),
(99, 189, 4),
(99, 191, 4.5),
(99, 199, 3.5),
(99, 408, 4),
(99, 462, 4),
(99, 467, 4),
(104, 1, 5),
(105, 73, 5),
(107, 1, 4),
(107, 2, 2.5),
(107, 6, 3.5),
(107, 7, 5),
(107, 69, 3.5),
(107, 78, 3),
(107, 82, 2.5),
(107, 83, 4.5),
(107, 107, 3),
(107, 108, 3.5),
(107, 124, 4),
(107, 125, 4),
(107, 126, 3.5),
(107, 152, 3.5),
(107, 153, 2),
(107, 170, 2.5),
(107, 171, 2),
(107, 172, 2.5),
(107, 173, 2),
(107, 174, 3),
(107, 408, 3),
(107, 456, 2),
(107, 483, 2),
(107, 490, 2),
(107, 500, 3.5),
(107, 515, 2),
(107, 520, 2.5),
(108, 1, 5);

-- --------------------------------------------------------

--
-- Table structure for table `user_rating1`
--

CREATE TABLE IF NOT EXISTS `user_rating1` (
  `user_id` int(11) NOT NULL,
  `movie_id` int(11) NOT NULL,
  `rating` float NOT NULL,
  UNIQUE KEY `user_id` (`user_id`,`movie_id`),
  KEY `movie_id` (`movie_id`)
) ENGINE=InnoDB DEFAULT CHARSET=latin1;

--
-- Dumping data for table `user_rating1`
--

INSERT INTO `user_rating1` (`user_id`, `movie_id`, `rating`) VALUES
(4, 1, 4.5),
(4, 2, 3.5),
(4, 3, 5),
(4, 4, 5),
(4, 5, 4.5),
(4, 6, 4.5),
(4, 7, 4.5),
(4, 8, 3.5),
(4, 9, 4),
(4, 10, 4),
(4, 11, 4),
(4, 12, 4),
(4, 13, 4),
(4, 14, 3.5),
(4, 15, 3.5),
(4, 16, 2.5),
(4, 17, 4),
(4, 18, 4),
(4, 19, 4),
(4, 20, 3),
(4, 21, 4),
(4, 22, 3.5),
(4, 23, 3.5),
(4, 24, 3.5),
(4, 25, 4.5),
(4, 26, 5),
(4, 27, 3.5),
(4, 29, 3.5),
(4, 30, 4),
(4, 31, 4),
(4, 32, 4.5),
(4, 33, 3),
(4, 34, 5),
(4, 35, 4.5),
(4, 36, 4),
(4, 37, 3.5),
(4, 38, 4.5),
(4, 39, 4),
(4, 40, 4),
(4, 41, 4),
(4, 42, 4.5),
(4, 43, 4),
(4, 44, 3),
(4, 45, 3),
(4, 46, 4),
(4, 47, 3.5),
(4, 48, 3),
(4, 49, 4),
(4, 50, 3.5),
(4, 51, 4.5),
(4, 52, 4.5),
(4, 53, 4.5),
(4, 54, 3.5),
(4, 55, 4),
(4, 56, 4),
(4, 57, 4),
(4, 58, 4.5),
(4, 59, 4),
(4, 60, 4),
(4, 61, 5),
(4, 62, 3.5),
(4, 63, 4.5),
(4, 64, 4),
(4, 65, 4),
(4, 66, 5),
(4, 67, 5),
(4, 68, 4),
(4, 69, 4),
(4, 70, 3),
(4, 71, 3.5),
(4, 72, 3.5),
(4, 73, 4),
(4, 75, 3.5),
(4, 76, 3.5),
(4, 77, 4),
(4, 78, 3),
(4, 79, 4),
(4, 80, 3),
(4, 81, 4),
(4, 82, 4),
(4, 83, 4.5),
(4, 84, 4),
(4, 85, 5),
(4, 86, 3.5),
(4, 87, 5),
(4, 88, 3.5),
(4, 90, 4.5),
(4, 91, 4.5),
(4, 92, 4.5),
(4, 93, 5),
(4, 94, 3.5),
(4, 95, 4),
(4, 96, 3.5),
(4, 97, 3.5),
(4, 98, 4),
(4, 99, 3.5),
(4, 100, 4),
(4, 101, 5),
(4, 102, 4.5),
(4, 103, 4),
(4, 105, 4),
(4, 106, 4),
(4, 107, 4.5),
(4, 108, 3.5),
(4, 115, 3.5),
(4, 119, 3.5),
(4, 120, 3),
(4, 122, 4),
(4, 123, 3.5),
(4, 124, 3.5),
(4, 125, 4),
(4, 126, 3.5),
(4, 127, 4),
(4, 130, 3),
(4, 131, 4),
(4, 132, 3),
(4, 133, 4),
(4, 134, 4),
(4, 135, 4),
(4, 137, 5),
(4, 142, 5),
(4, 144, 4),
(4, 145, 3.5),
(4, 152, 2),
(4, 154, 3.5),
(4, 155, 3),
(4, 156, 3),
(4, 158, 3.5),
(4, 160, 3),
(4, 162, 3.5),
(4, 163, 4),
(4, 164, 4),
(4, 165, 2.5),
(4, 166, 2.5),
(4, 167, 3.5),
(4, 168, 3),
(4, 169, 2.5),
(4, 170, 3.5),
(4, 171, 3),
(4, 172, 2.5),
(4, 173, 2),
(4, 174, 2.5),
(4, 175, 4.5),
(4, 176, 5),
(4, 177, 3),
(4, 184, 3),
(4, 189, 4),
(4, 190, 3.5),
(4, 191, 4),
(4, 192, 4),
(4, 194, 3),
(4, 195, 3.5),
(4, 196, 3),
(4, 199, 3.5),
(4, 200, 3),
(4, 201, 4),
(4, 204, 4),
(4, 207, 2.5),
(4, 208, 2.5),
(4, 213, 3),
(4, 214, 3),
(4, 218, 5),
(4, 219, 2.5),
(4, 220, 3),
(4, 227, 3),
(4, 321, 4),
(4, 324, 3.5),
(4, 326, 3),
(4, 328, 3.5),
(4, 329, 3.5),
(4, 330, 4),
(4, 333, 3.5),
(4, 336, 3.5),
(4, 338, 3.5),
(4, 339, 3),
(4, 340, 3),
(4, 341, 3.5),
(4, 342, 3),
(4, 343, 3),
(4, 345, 3),
(4, 346, 4.5),
(4, 347, 4.5),
(4, 348, 4),
(4, 349, 3),
(4, 352, 3.5),
(4, 357, 3.5),
(4, 361, 4),
(4, 362, 4),
(4, 407, 3.5),
(4, 408, 4.5),
(4, 409, 4),
(4, 410, 3.5),
(4, 412, 3),
(4, 415, 4),
(4, 416, 3.5),
(4, 417, 4),
(4, 418, 4.5),
(4, 422, 3),
(4, 424, 3.5),
(4, 425, 2),
(4, 426, 3.5),
(4, 427, 3.5),
(4, 430, 4),
(4, 431, 3),
(4, 432, 3),
(4, 433, 3.5),
(4, 434, 4.5),
(4, 435, 3.5),
(4, 444, 4),
(4, 445, 3),
(4, 446, 3),
(4, 448, 3.5),
(4, 451, 3.5),
(4, 452, 3),
(4, 453, 2.5),
(4, 455, 3.5),
(4, 456, 4),
(4, 457, 4),
(4, 458, 4),
(4, 459, 3),
(4, 460, 3),
(4, 461, 3),
(4, 463, 3),
(4, 465, 4),
(4, 467, 3.5),
(4, 468, 3.5),
(4, 470, 2.5),
(4, 472, 3.5),
(4, 473, 3.5),
(4, 474, 2.5),
(4, 477, 3.5),
(4, 478, 3.5),
(4, 483, 2.5),
(4, 486, 2.5),
(4, 488, 3),
(4, 489, 2),
(4, 491, 3.5),
(4, 492, 3.5),
(4, 496, 3),
(4, 497, 3),
(4, 499, 3),
(5, 1, 4.5),
(5, 2, 4),
(5, 3, 5),
(5, 4, 5),
(5, 6, 1),
(5, 7, 4),
(5, 10, 4),
(5, 18, 5),
(5, 26, 4.5),
(5, 31, 4),
(5, 34, 3.5),
(5, 45, 3),
(5, 56, 3.5),
(5, 59, 4.5),
(5, 61, 4.5),
(5, 63, 4.5),
(5, 64, 4),
(5, 65, 4),
(5, 66, 5),
(5, 69, 4.5),
(5, 79, 5),
(5, 82, 3.5),
(5, 83, 4.5),
(5, 85, 4.5),
(5, 87, 4),
(5, 102, 5),
(5, 107, 4.5),
(6, 1, 2.5),
(6, 2, 3),
(6, 3, 2.5),
(6, 5, 2),
(6, 6, 2.5),
(6, 43, 2.5),
(6, 44, 3),
(6, 45, 1.5),
(6, 46, 3),
(6, 70, 3.5),
(6, 71, 3),
(6, 72, 4),
(6, 73, 4.5),
(6, 78, 4),
(6, 80, 2.5),
(6, 81, 3.5),
(6, 82, 3),
(7, 1, 2.5),
(7, 2, 5),
(7, 3, 3.5),
(7, 4, 5),
(7, 6, 5),
(7, 12, 2),
(7, 13, 3),
(7, 14, 2),
(7, 15, 3),
(7, 17, 3.5),
(7, 18, 2),
(7, 19, 4),
(7, 20, 2),
(7, 21, 4.5),
(7, 22, 3.5),
(7, 24, 3.5),
(7, 25, 2.5),
(7, 26, 4),
(7, 27, 4),
(7, 28, 3.5),
(7, 29, 3.5),
(7, 30, 4),
(7, 31, 4),
(7, 32, 3),
(7, 33, 3.5),
(7, 34, 3),
(7, 35, 2.5),
(7, 36, 1.5),
(7, 37, 2),
(7, 38, 1.5),
(7, 39, 4),
(7, 40, 5),
(7, 41, 2),
(7, 42, 5),
(7, 43, 1.5),
(7, 44, 2.5),
(7, 46, 5),
(7, 56, 3),
(7, 61, 3),
(7, 62, 3),
(7, 63, 3.5),
(7, 64, 3.5),
(7, 65, 3.5),
(7, 66, 4.5),
(7, 67, 2),
(7, 68, 4.5),
(7, 69, 3.5),
(7, 70, 5),
(7, 77, 2.5),
(7, 78, 5),
(7, 79, 4),
(7, 95, 5),
(7, 96, 5),
(7, 97, 3.5),
(7, 98, 1.5),
(7, 99, 4),
(7, 100, 1),
(7, 101, 3),
(7, 102, 3.5),
(7, 103, 3),
(7, 104, 5),
(7, 105, 2),
(7, 106, 4),
(7, 108, 4),
(9, 25, 3.5),
(9, 106, 4.5),
(9, 485, 5),
(12, 40, 3),
(12, 69, 4.5),
(12, 196, 4.5),
(12, 197, 4),
(12, 329, 4),
(12, 364, 4),
(12, 405, 3),
(13, 1, 3.5),
(13, 2, 3.5),
(13, 5, 3.5),
(13, 45, 3),
(13, 132, 4),
(13, 145, 4.5),
(13, 170, 3),
(13, 171, 3),
(13, 172, 2.5),
(13, 173, 2.5),
(13, 174, 2.5),
(13, 189, 3.5),
(13, 199, 2),
(13, 408, 3),
(14, 199, 4),
(16, 1, 4),
(16, 464, 4.5),
(18, 1, 4),
(18, 2, 3.5),
(18, 44, 4.5),
(18, 114, 3.5),
(18, 199, 3.5),
(18, 408, 4.5),
(20, 1, 3.5),
(20, 2, 3.5),
(20, 4, 5),
(20, 5, 3.5),
(20, 7, 4),
(20, 8, 4.5),
(20, 10, 4),
(20, 13, 4),
(20, 14, 3.5),
(20, 15, 3),
(20, 16, 2.5),
(20, 17, 4),
(20, 19, 5),
(20, 20, 2.5),
(20, 21, 4.5),
(20, 25, 4),
(20, 27, 4.5),
(20, 28, 4.5),
(20, 31, 3.5),
(20, 32, 4.5),
(20, 34, 3),
(20, 35, 5),
(20, 36, 3.5),
(20, 37, 3),
(20, 45, 3),
(20, 46, 4),
(20, 47, 3),
(20, 48, 3),
(20, 52, 4),
(20, 53, 3.5),
(20, 54, 3),
(20, 55, 4),
(20, 56, 4.5),
(20, 57, 3.5),
(20, 58, 2.5),
(20, 63, 4.5),
(20, 64, 3.5),
(20, 65, 4),
(20, 66, 4),
(20, 67, 4),
(20, 68, 5),
(20, 69, 3),
(20, 74, 3.5),
(20, 79, 4.5),
(20, 82, 3),
(20, 87, 3),
(20, 94, 3),
(20, 101, 4),
(20, 102, 4.5),
(20, 103, 4),
(20, 104, 3),
(20, 105, 4),
(20, 106, 4),
(20, 107, 3),
(20, 108, 3),
(20, 117, 3.5),
(20, 124, 4),
(20, 125, 3.5),
(20, 126, 2),
(20, 131, 4.5),
(20, 132, 4),
(20, 133, 4),
(20, 134, 3.5),
(20, 135, 3),
(20, 136, 3),
(20, 137, 5),
(20, 144, 4),
(20, 145, 4),
(20, 154, 3),
(20, 167, 4),
(20, 168, 3.5),
(20, 169, 4),
(20, 170, 3.5),
(20, 171, 3),
(20, 172, 2),
(20, 173, 2),
(20, 174, 2),
(20, 175, 3.5),
(20, 188, 2.5),
(20, 189, 3.5),
(20, 190, 4),
(20, 192, 3),
(20, 193, 4),
(20, 194, 3.5),
(20, 195, 4),
(20, 198, 3),
(20, 200, 4),
(20, 201, 4),
(20, 202, 3.5),
(20, 208, 3.5),
(20, 318, 3.5),
(20, 324, 3.5),
(20, 326, 4),
(20, 327, 3),
(20, 328, 4),
(20, 329, 3.5),
(20, 330, 4),
(20, 336, 3.5),
(20, 338, 3),
(20, 348, 3.5),
(20, 351, 3.5),
(20, 352, 2.5),
(20, 361, 4),
(20, 362, 3.5),
(20, 408, 3),
(20, 409, 3),
(20, 421, 3.5),
(20, 426, 4),
(20, 429, 3),
(20, 430, 3),
(20, 431, 4),
(20, 432, 3.5),
(20, 437, 3),
(20, 443, 3),
(20, 445, 3),
(20, 448, 4),
(20, 451, 4.5),
(20, 452, 4),
(20, 460, 3.5),
(20, 466, 3),
(20, 477, 3.5),
(20, 478, 3),
(20, 480, 5),
(20, 495, 3.5),
(20, 496, 3),
(20, 497, 3),
(20, 501, 4),
(22, 1, 5),
(22, 3, 5),
(22, 186, 3.5),
(22, 195, 4.5),
(22, 439, 4),
(22, 440, 4),
(22, 444, 2.5),
(22, 452, 3.5),
(22, 469, 1),
(24, 86, 5),
(28, 199, 3.5),
(28, 218, 5),
(28, 408, 5),
(28, 417, 4.5),
(28, 418, 4.5),
(28, 485, 3.5),
(32, 63, 5),
(32, 338, 5),
(32, 348, 5),
(33, 45, 4),
(33, 78, 4),
(33, 473, 3.5),
(33, 499, 4),
(35, 1, 4.5),
(35, 2, 2.5),
(35, 3, 4),
(35, 5, 4.5),
(35, 6, 4.5),
(35, 17, 4.5),
(35, 45, 4.5),
(35, 46, 4),
(35, 71, 4),
(35, 78, 3.5),
(35, 80, 3),
(35, 114, 2.5),
(35, 132, 3.5),
(35, 136, 4.5),
(35, 145, 3.5),
(35, 170, 2),
(35, 172, 2),
(35, 173, 2.5),
(35, 174, 3),
(35, 177, 3),
(35, 178, 3),
(35, 179, 3),
(35, 189, 4.5),
(35, 191, 5),
(35, 199, 4),
(35, 209, 4.5),
(35, 353, 1.5),
(35, 408, 4.5),
(35, 410, 3.5),
(35, 431, 4),
(35, 432, 4.5),
(35, 433, 4.5),
(35, 434, 4.5),
(35, 435, 4),
(35, 436, 4),
(35, 443, 3.5),
(35, 462, 4),
(35, 467, 4),
(35, 469, 3),
(35, 476, 4.5),
(35, 485, 3);
